id;contenu;date_envoi;auteur_id;demande_id
1;pfft dream;2026-04-18T04:51:00;1;1
2;tomatillo valiantly although;2026-04-18T09:07:06;2;2
3;phew;2026-04-17T22:09:23;1;3
4;sundae till lively;2026-04-18T12:27:36;1;4
5;correctly mysterious true;2026-04-17T14:59:52;1;5
6;fooey crooked after;2026-04-18T14:01:21;1;6
7;inure;2026-04-18T04:43:04;1;7
8;until forswear when;2026-04-18T10:16:26;1;8
9;psst exactly unearth;2026-04-18T13:23:12;2;9
10;sandbar boldly oof;2026-04-17T21:34:57;1;10
11;devastation;2026-04-17T21:21:26;2;11
12;whose formal;2026-04-18T08:44:07;2;12
13;safely gee;2026-04-18T03:49:17;2;13
14;witty;2026-04-17T16:45:43;1;14
15;till unlike or;2026-04-18T11:48:39;1;15
16;softly the;2026-04-17T20:08:28;2;16
17;whether yahoo brr;2026-04-17T15:29:48;2;17
18;meanwhile;2026-04-18T10:27:01;2;18
19;boring well-documented;2026-04-18T09:47:52;2;19
20;legal mundane murky;2026-04-17T23:52:37;1;20
21;spiffy;2026-04-17T16:46:41;2;21
22;minus apologise;2026-04-17T18:23:09;1;22
23;quizzically humidity;2026-04-18T09:03:00;2;23
24;boo across clearly;2026-04-18T10:18:50;2;24
25;however drat;2026-04-18T10:28:35;1;25
26;like;2026-04-18T00:43:03;2;26
27;what;2026-04-17T18:04:22;1;27
28;settler;2026-04-17T18:59:51;1;28
29;presume but ornery;2026-04-18T08:24:47;1;29
30;packaging jet beyond;2026-04-18T03:21:04;1;30
